"Population","GDP","Total_consumption","Total_production","Energy_percentage","CO2_Emissions","Government_funding","Effectiveness_Rating","Country_Name","Region","Land_Size","Development_Status","AvgTemp","AvgRainfall","AvgWindspeed","AvgSolarRadiation","Policy_Name","Policy_Type","Effectiveness_Score","Year","Quarter","Month","Week","Name","Source_type","Efficiency_Rating"
1176165722,1830082769325.38,427702.6,424341.44999999995,0.24,782.77,362706099.87,35.91,"Australia","Oceania",7689,"Developed",16.1,59.1,3.3,1344.4,"Carbon Tax","Regulatory",70,2023,1,1,1,"Solar","Renewable",0.2
347865762,13992973960265.71,346848.01,350399.38,0.86,538.06,1018183849.46,27.74,"Australia","Oceania",7689,"Developed",21.2,97.9,13.3,1355.3,"Energy Efficiency Mandate","Regulatory",75,2023,1,1,3,"Nuclear","Fossil Fuel",0.6
817896393,1668123941761.32,300246.5,329821.69,0.8,574.37,2003657043.54,25.56,"Australia","Oceania",7689,"Developed",30.2,224.3,9,1483.9,"Net-Zero Target","Incentive",90,2023,1,1,5,"Coal","Fossil Fuel",0.4
788471136,3336816533406.09,361717.99,393577.62,0.65,1041.14,806884844.83,70.8,"Australia","Oceania",7689,"Developed",31.4,262.6,6.9,1172,"Fossil Fuel Ban","Restriction",65,2023,1,2,7,"Wind","Renewable",0.35
476619987,13723823594698.5,844423.4,882103.4,0.24,96.55,3222985175.78,41.42,"Australia","Oceania",7689,"Developed",21.6,95.6,14,1312.9,"Subsidies for Renewables","Incentive",85,2023,1,3,9,"Nuclear","Fossil Fuel",0.6
311814401,5371115313311.24,254161.23,280036.48,0.27,897.65,8988446547.66,51.95,"Australia","Oceania",7689,"Developed",15.3,159.8,13.5,1285.7,"Net-Zero Target","Incentive",90,2023,1,3,11,"Wind","Renewable",0.35
348558720,15862379350822.99,427938.37,426432.39,0.37,1494.38,5338232016.48,97.69,"Australia","Oceania",7689,"Developed",22.3,231.6,13.2,991.7,"Subsidies for Renewables","Incentive",85,2023,2,4,13,"Wind","Renewable",0.35
344641189,9129101755951.21,954277.77,997449.68,0.27,775.85,1868653617.25,93.01,"Australia","Oceania",7689,"Developed",28.8,235.2,6.4,1076.1,"Carbon Tax","Regulatory",70,2023,2,4,16,"Solar","Renewable",0.2
1143925839,18378020538474.48,602955.14,624828.4500000001,0.15,576.32,9854681651.54,84.54,"Australia","Oceania",7689,"Developed",13.8,233.5,9,1367.2,"Net-Zero Target","Incentive",90,2023,2,5,18,"Coal","Fossil Fuel",0.4
153632740,19561891424178.95,537379.11,539295.94,0.61,1422.93,1734756893.84,62.21,"Australia","Oceania",7689,"Developed",32,285.1,3.1,1191.6,"Carbon Tax","Regulatory",70,2023,2,5,20,"Wind","Renewable",0.35
861829437,19903472197551.8,653379.28,672474.78,0.49,225.46,2324503636.61,47.05,"Australia","Oceania",7689,"Developed",33.2,231.5,11,1327.8,"Energy Efficiency Mandate","Regulatory",75,2023,2,5,22,"Nuclear","Fossil Fuel",0.6
149741091,18117858258821.95,861039.05,859936.2000000001,0.25,1020.02,2220944392.97,30.58,"Australia","Oceania",7689,"Developed",24.7,22,11.2,935.3,"Net-Zero Target","Incentive",90,2023,2,6,24,"Nuclear","Fossil Fuel",0.6
1420154685,8677918529886.91,429342.84,450029.2,0.67,1026.38,9843235592.52,27.87,"Australia","Oceania",7689,"Developed",16.1,152.4,7.3,956.6,"Net-Zero Target","Incentive",90,2023,2,6,26,"Nuclear","Fossil Fuel",0.6
603171148,9306298561179.25,875741.09,874887.26,0.74,1291.15,1069296409.2,72.17,"Australia","Oceania",7689,"Developed",16.2,73.3,7.8,1153.1,"Fossil Fuel Ban","Restriction",65,2023,3,7,28,"Hydro","Renewable",0.45
464018816,17306542841201.29,903418.44,907473.48,0.05,616.11,9272528928.24,82.81,"Australia","Oceania",7689,"Developed",33.2,257.6,4.2,1191.4,"Carbon Tax","Regulatory",70,2023,3,7,31,"Nuclear","Fossil Fuel",0.6
130591915,11625687787243.5,546773.25,582911.91,0.1,897.06,5078218790.9,88.22,"Australia","Oceania",7689,"Developed",26.5,156.3,4.5,1030.6,"Energy Efficiency Mandate","Regulatory",75,2023,3,8,33,"Coal","Fossil Fuel",0.4
510096523,8135133471233.72,942180.17,968512.3200000001,0.54,107.63,911635714.4,72.59,"Australia","Oceania",7689,"Developed",12,72,9.7,1305.1,"Carbon Tax","Regulatory",70,2023,3,8,35,"Wind","Renewable",0.35
854943635,2704477814336.38,649045.78,669193.13,0.84,1406.81,192223023.15,69.69,"Australia","Oceania",7689,"Developed",33.4,77.2,11.3,1043.2,"Net-Zero Target","Incentive",90,2023,3,9,37,"Nuclear","Fossil Fuel",0.6
152728209,17597477825442.4,375831.82,379507.9,0.76,1070.13,6155609880.69,98.98,"Australia","Oceania",7689,"Developed",23.4,161.6,3.7,1109.4,"Carbon Tax","Regulatory",70,2023,3,9,39,"Nuclear","Fossil Fuel",0.6
252881174,17805282869413.61,744992.52,748542.16,0.29,355.41,3494514849.15,75,"Australia","Oceania",7689,"Developed",17.5,205.7,14.2,980.6,"Carbon Tax","Regulatory",70,2023,4,10,41,"Nuclear","Fossil Fuel",0.6
599166265,977326559801.1,340220.97,342416.05,0.88,284.29,4474171567.42,76.45,"Canada","North America",9985,"Developed",16.3,274.3,2.7,1280.6,"Net-Zero Target","Incentive",90,2023,1,1,1,"Coal","Fossil Fuel",0.4
797885292,11691940373146.9,156612.85,158622.35,0.31,1353.52,7981610818.39,88.86,"Canada","North America",9985,"Developed",11.9,267.3,13.8,1227.4,"Carbon Tax","Regulatory",70,2023,1,1,3,"Nuclear","Fossil Fuel",0.6
1337860437,15014604461756.43,926506.18,934526.7300000001,0.19,1209.84,1852818466.17,52.98,"Canada","North America",9985,"Developed",26.7,119,9.3,1424.8,"Subsidies for Renewables","Incentive",85,2023,1,1,5,"Coal","Fossil Fuel",0.4
237133587,7712580279678.99,48337.36,69225.31,0.22,1381.76,3561618402.01,85.64,"Canada","North America",9985,"Developed",30.1,261.9,12.5,1060.1,"Fossil Fuel Ban","Restriction",65,2023,1,2,7,"Wind","Renewable",0.35
604416364,7087807968746.77,514311.62,546685.12,0.77,530.17,373245297.68,90.16,"Canada","North America",9985,"Developed",26.5,131.6,5.6,941.7,"Subsidies for Renewables","Incentive",85,2023,1,3,9,"Wind","Renewable",0.35
678616911,8784238289025.1,984393.49,985754.01,0.81,325.61,539426683.76,54.88,"Canada","North America",9985,"Developed",34.1,94.3,3.4,1160.7,"Subsidies for Renewables","Incentive",85,2023,1,3,11,"Coal","Fossil Fuel",0.4
679128707,13301410777684.33,133379.06,177881.64,0.48,1016.99,3329210758.09,75.78,"Canada","North America",9985,"Developed",19.1,39.6,10.6,1098.1,"Net-Zero Target","Incentive",90,2023,2,4,13,"Nuclear","Fossil Fuel",0.6
1326808215,11425194571829.61,412014.42,452869.3,0.31,354.76,7879012392.03,68.53,"Canada","North America",9985,"Developed",20.5,283.3,10.8,1441.7,"Subsidies for Renewables","Incentive",85,2023,2,4,16,"Nuclear","Fossil Fuel",0.6
369409490,13211129825468.59,290948.54,322460.5,0.58,185.41,9524796658.28,38.79,"Canada","North America",9985,"Developed",21.1,79.8,8.2,1440.7,"Energy Efficiency Mandate","Regulatory",75,2023,2,5,18,"Coal","Fossil Fuel",0.4
161397432,9162781750763.77,887275.54,913937.4400000001,0.66,606.77,4056563342.48,31.81,"Canada","North America",9985,"Developed",13.7,32.9,14.8,1266.8,"Subsidies for Renewables","Incentive",85,2023,2,5,20,"Coal","Fossil Fuel",0.4
1202019836,5059045765233.44,849852.98,869958.38,0.73,1017.99,9880135285.36,67.64,"Canada","North America",9985,"Developed",15.5,245.2,11,1178.7,"Carbon Tax","Regulatory",70,2023,2,5,22,"Solar","Renewable",0.2
1024355588,9056388169213.47,754259.02,795451.48,0.29,1177.63,4897510469,39.14,"Canada","North America",9985,"Developed",20.7,273.9,7.8,995.5,"Net-Zero Target","Incentive",90,2023,2,6,24,"Hydro","Renewable",0.45
328906379,4702103446590.92,697010.31,730863.3600000001,0.1,641.02,5471850290.99,53.26,"Canada","North America",9985,"Developed",15.9,114,13.6,948.3,"Carbon Tax","Regulatory",70,2023,2,6,26,"Hydro","Renewable",0.45
1241285615,7669582475661.46,15837.12,30183.85,0.69,1287.5,9538960350.85,53.52,"Canada","North America",9985,"Developed",32.6,183.5,11,1414,"Energy Efficiency Mandate","Regulatory",75,2023,3,7,28,"Wind","Renewable",0.35
1441395163,13614923512064.16,410273.5,414350.96,0.45,235.06,6260343913.64,22.16,"Canada","North America",9985,"Developed",22.2,96.4,8.3,1133.3,"Net-Zero Target","Incentive",90,2023,3,7,31,"Nuclear","Fossil Fuel",0.6
395260112,1100664206423.69,385312.83,391954.15,0.33,1153.78,3853349534.08,80.16,"Canada","North America",9985,"Developed",26.6,43.5,7.6,1420.1,"Net-Zero Target","Incentive",90,2023,3,8,33,"Hydro","Renewable",0.45
486513427,13037867455672.51,783420.72,814267.23,0.69,1426.94,2073670755.39,21.63,"Canada","North America",9985,"Developed",21.8,229.7,2.7,1471.2,"Fossil Fuel Ban","Restriction",65,2023,3,8,35,"Hydro","Renewable",0.45
555279151,15361272157289.19,176111.25,204509.86,0.69,216.07,8211081625.68,97.18,"Canada","North America",9985,"Developed",21.8,52,14.3,1179,"Subsidies for Renewables","Incentive",85,2023,3,9,37,"Wind","Renewable",0.35
430909956,1612329909076.89,693708.27,723206.6,0.14,1170.1,8517903066.98,68.03,"Canada","North America",9985,"Developed",33.2,181.2,13.8,1125.2,"Net-Zero Target","Incentive",90,2023,3,9,39,"Solar","Renewable",0.2
737788374,351777788300.48,425858.15,447819.24000000005,0.42,575.17,8926592646.57,56.78,"Canada","North America",9985,"Developed",18.7,139.9,6.8,1203.6,"Net-Zero Target","Incentive",90,2023,4,10,41,"Solar","Renewable",0.2
1160717517,15515364862394.33,470225.03,510640.43000000005,0.55,517.34,2530402174.03,94.77,"Germany","Europe",3570,"Developed",28.3,290.3,5.5,1384.9,"Energy Efficiency Mandate","Regulatory",75,2023,1,1,1,"Wind","Renewable",0.35
1066515123,17033961442617.94,190021.46,196688.05,0.73,543.49,8815167799.61,76.09,"Germany","Europe",3570,"Developed",28.8,179.6,10.7,1101.8,"Energy Efficiency Mandate","Regulatory",75,2023,1,1,3,"Coal","Fossil Fuel",0.4
1197231826,15187476604301.08,693703.25,724227.91,0.47,1199.75,1021228170.49,37.73,"Germany","Europe",3570,"Developed",22.9,73.5,5.1,1143.9,"Net-Zero Target","Incentive",90,2023,1,1,5,"Coal","Fossil Fuel",0.4
1186950246,6682746814199.01,705826.39,715726.79,0.26,224.95,2006584505.17,29.56,"Germany","Europe",3570,"Developed",19.2,175,6.5,1498,"Fossil Fuel Ban","Restriction",65,2023,1,2,7,"Wind","Renewable",0.35
1131649097,11976135736194.8,980705.52,1021500.0800000001,0.3,573.28,3092449128.93,76.64,"Germany","Europe",3570,"Developed",15.4,155.6,11.4,1486,"Subsidies for Renewables","Incentive",85,2023,1,3,9,"Nuclear","Fossil Fuel",0.6
1059153976,2141494171076.44,22142.75,32781.41,0.46,544.02,9658426667.07,40.2,"Germany","Europe",3570,"Developed",34.4,174.9,11.1,975.8,"Fossil Fuel Ban","Restriction",65,2023,1,3,11,"Wind","Renewable",0.35
325399365,16241727317873.45,949634.39,949319.34,0.26,859.21,4220122811.96,67.69,"Germany","Europe",3570,"Developed",20,40.7,10.2,932.2,"Carbon Tax","Regulatory",70,2023,2,4,13,"Hydro","Renewable",0.45
925905059,6177066861955.27,624817.05,653346.75,0.68,1424.01,2157100267.65,36.88,"Germany","Europe",3570,"Developed",19.5,274.4,5.9,1253.1,"Subsidies for Renewables","Incentive",85,2023,2,4,16,"Nuclear","Fossil Fuel",0.6
1280199825,9451258332252.95,42313.46,53159.229999999996,0.29,1296.43,804679625.52,38.67,"Germany","Europe",3570,"Developed",14.3,41,2,1170.3,"Subsidies for Renewables","Incentive",85,2023,2,5,18,"Solar","Renewable",0.2
310450100,1521055753430.7,174263.56,186182.21,0.69,875.35,2957244824.23,29.95,"Germany","Europe",3570,"Developed",20.6,172.5,10.4,1445,"Net-Zero Target","Incentive",90,2023,2,5,20,"Coal","Fossil Fuel",0.4
932774495,14717225073383.74,607676.5,604099.07,0.24,1027.73,8619117040.89,66.97,"Germany","Europe",3570,"Developed",22.5,158.3,3,923.9,"Energy Efficiency Mandate","Regulatory",75,2023,2,5,22,"Coal","Fossil Fuel",0.4
602336700,3711634029740.21,589476.33,619389.49,0.47,182.3,3544814457.32,46.66,"Germany","Europe",3570,"Developed",11,231.8,8.1,1290.9,"Fossil Fuel Ban","Restriction",65,2023,2,6,24,"Solar","Renewable",0.2
1186323480,830272893242.8,97179.19,106061.13,0.15,1170.19,8662614782.11,85.99,"Germany","Europe",3570,"Developed",20.3,158.7,10.6,1140.3,"Subsidies for Renewables","Incentive",85,2023,2,6,26,"Solar","Renewable",0.2
1348055049,8896615018873,61095.66,70783.75,0.16,467.64,8820381511.84,58.78,"Germany","Europe",3570,"Developed",20.3,72.5,6.7,1353.9,"Net-Zero Target","Incentive",90,2023,3,7,28,"Solar","Renewable",0.2
487540977,19845917073964.87,913800.58,934180.21,0.15,1256.61,5033917496.6,77.33,"Germany","Europe",3570,"Developed",27.7,107,2.2,1144.8,"Net-Zero Target","Incentive",90,2023,3,7,31,"Solar","Renewable",0.2
828744701,3893146381863.77,603383.82,639429.9099999999,0.17,151.22,7749483813.5,88.35,"Germany","Europe",3570,"Developed",30.9,294.5,5.2,1230.8,"Fossil Fuel Ban","Restriction",65,2023,3,8,33,"Nuclear","Fossil Fuel",0.6
1422211976,9843842898448.45,157109.46,181731.38999999998,0.34,850.28,5479957623.29,56.43,"Germany","Europe",3570,"Developed",30.5,99.2,5.9,1252.2,"Net-Zero Target","Incentive",90,2023,3,8,35,"Coal","Fossil Fuel",0.4
1020708756,14134034832397.55,813294.81,829529.14,0.61,1240.08,9810099572.73,59.63,"Germany","Europe",3570,"Developed",24.3,85.4,12.1,926.2,"Subsidies for Renewables","Incentive",85,2023,3,9,37,"Coal","Fossil Fuel",0.4
219129241,10566426627470.47,462358.79,497093.19999999995,0.4,999.43,1628176065.84,57.56,"Germany","Europe",3570,"Developed",34.1,113,3.3,1407,"Subsidies for Renewables","Incentive",85,2023,3,9,39,"Solar","Renewable",0.2
821063961,19087377893191.25,630531.19,674340.32,0.46,834.47,6212848669.87,38.78,"Germany","Europe",3570,"Developed",26.2,258.5,13.1,1415.6,"Fossil Fuel Ban","Restriction",65,2023,4,10,41,"Coal","Fossil Fuel",0.4
957792433,3410659255911.58,306471.42,303063.51999999996,0.33,131.37,3648787088.77,54.45,"India","Asia",3287,"Developing",20.8,47.6,10.2,1423.5,"Subsidies for Renewables","Incentive",85,2023,1,1,1,"Coal","Fossil Fuel",0.4
826507629,12432236333894.56,248421.49,293627.08999999997,0.17,718.67,2614375660.19,40.43,"India","Asia",3287,"Developing",24.1,241.9,4.2,947.4,"Net-Zero Target","Incentive",90,2023,1,1,3,"Wind","Renewable",0.35
1266800626,6053169557563.07,962408.78,995376.02,0.44,488.08,9993798298.45,88.27,"India","Asia",3287,"Developing",26.9,64.2,7.7,1107.3,"Energy Efficiency Mandate","Regulatory",75,2023,1,1,5,"Solar","Renewable",0.2
1418537769,7976534244136.21,18016.99,60595.7,0.71,1461.72,9115107841.82,79.61,"India","Asia",3287,"Developing",24.3,180.9,14.9,1077.1,"Subsidies for Renewables","Incentive",85,2023,1,2,7,"Solar","Renewable",0.2
1420581570,13649016374222.25,145411.45,145755.47,0.58,107.16,7907243791.7,22.67,"India","Asia",3287,"Developing",15.5,73.2,5.3,1353.3,"Subsidies for Renewables","Incentive",85,2023,1,3,9,"Coal","Fossil Fuel",0.4
1163369334,17541565874462.15,372198.96,394797.67000000004,0.28,288.59,9149084640.03,95.54,"India","Asia",3287,"Developing",32.7,111.5,7.4,1020.5,"Subsidies for Renewables","Incentive",85,2023,1,3,11,"Coal","Fossil Fuel",0.4
1457394139,14511912570302.81,980142.82,1028342.6599999999,0.73,580.37,7927751489.03,21.11,"India","Asia",3287,"Developing",21.7,41.1,11.8,1035.4,"Fossil Fuel Ban","Restriction",65,2023,2,4,13,"Coal","Fossil Fuel",0.4
1376274104,18811808646413.13,117262.64,125122.84,0.07,1332.14,5657933084.27,93.22,"India","Asia",3287,"Developing",19.2,229.7,5.4,1128.6,"Carbon Tax","Regulatory",70,2023,2,4,16,"Nuclear","Fossil Fuel",0.6
84912437,6156855228684.5,497698.37,498043.93,0.8,246.71,4591073193.2,73.64,"India","Asia",3287,"Developing",32.7,104.6,7.3,983.9,"Carbon Tax","Regulatory",70,2023,2,5,18,"Wind","Renewable",0.35
1055864759,12351479059618.01,939662.54,950048.25,0.64,365.04,4502489011.81,38.89,"India","Asia",3287,"Developing",28.6,63.3,7.4,959.4,"Energy Efficiency Mandate","Regulatory",75,2023,2,5,20,"Nuclear","Fossil Fuel",0.6
412610773,19367316831134.1,949520.68,989851.1900000001,0.13,357.55,6430979893.44,97.69,"India","Asia",3287,"Developing",23.6,293.8,6.7,1138.9,"Carbon Tax","Regulatory",70,2023,2,5,22,"Coal","Fossil Fuel",0.4
1195152161,4222431669898.5,223791.84,266625.08999999997,0.33,263.95,9015257252.75,20.23,"India","Asia",3287,"Developing",34.7,240.4,4.7,1397.9,"Fossil Fuel Ban","Restriction",65,2023,2,6,24,"Solar","Renewable",0.2
36912305,7229021356409,790547.22,817934.13,0.06,434.78,1354909582.76,53.68,"India","Asia",3287,"Developing",16.3,68.9,10.6,915.5,"Subsidies for Renewables","Incentive",85,2023,2,6,26,"Wind","Renewable",0.35
480774467,18913771295105.11,52931.39,91008.87,0.79,806.1,4634620968.77,97.12,"India","Asia",3287,"Developing",21.2,121.4,9.7,1171.2,"Carbon Tax","Regulatory",70,2023,3,7,28,"Solar","Renewable",0.2
178496238,6510025212951.89,156850.49,158791.03,0.58,898.78,7150312684.62,50.47,"India","Asia",3287,"Developing",20.7,50.2,11.3,1166.1,"Energy Efficiency Mandate","Regulatory",75,2023,3,7,31,"Solar","Renewable",0.2
1410985371,13053241631137.98,771273.1,805919.2999999999,0.23,704.75,2362086386.21,47.11,"India","Asia",3287,"Developing",21.3,189.5,3.3,1321.1,"Net-Zero Target","Incentive",90,2023,3,8,33,"Nuclear","Fossil Fuel",0.6
332789590,13767738605792.84,479525.21,479542.57,0.12,676.22,7471430795,49.81,"India","Asia",3287,"Developing",28.2,107.5,6.1,1052.9,"Energy Efficiency Mandate","Regulatory",75,2023,3,8,35,"Hydro","Renewable",0.45
764346088,17484786707462.94,941718.57,959980.1,0.83,124.6,2947531135.71,45,"India","Asia",3287,"Developing",24.7,177.2,6.3,973.3,"Net-Zero Target","Incentive",90,2023,3,9,37,"Wind","Renewable",0.35
1199571008,7414464907245.47,764979.58,791555.08,0.74,1275.47,9748011361.04,85.47,"India","Asia",3287,"Developing",15.3,203.9,4.9,964.9,"Net-Zero Target","Incentive",90,2023,3,9,39,"Solar","Renewable",0.2
591843689,14083705580025.53,315894.84,329585.2,0.06,1311.3,5706578838.14,52.06,"India","Asia",3287,"Developing",25.2,204.2,11,917.4,"Net-Zero Target","Incentive",90,2023,4,10,41,"Nuclear","Fossil Fuel",0.6
799682962,6301583657113.91,331139.06,377916.47,0.56,1330.85,1640241043.7,80.35,"Brazil","South America",8516,"Developing",28.7,80.2,7.5,1104.5,"Carbon Tax","Regulatory",70,2023,1,1,1,"Wind","Renewable",0.35
467930829,15123368559000.58,122679.33,141324.58000000002,0.29,1033.81,4917664258.31,73.37,"Brazil","South America",8516,"Developing",21.1,138.7,9.9,1148.5,"Carbon Tax","Regulatory",70,2023,1,1,3,"Solar","Renewable",0.2
299709488,15306801825648.83,296552.66,298151.8,0.47,674.45,1378938447.42,62.61,"Brazil","South America",8516,"Developing",34.6,35.3,4.7,1467.2,"Subsidies for Renewables","Incentive",85,2023,1,1,5,"Solar","Renewable",0.2
95843416,8780769950695.01,465156.71,464439.15,0.32,672.46,4103786556.6,71.21,"Brazil","South America",8516,"Developing",30.8,245.7,2.9,1417.1,"Net-Zero Target","Incentive",90,2023,1,2,7,"Wind","Renewable",0.35
1485926282,18403418059653.55,97248.58,138695.22,0.26,903.86,5287229175.71,51.66,"Brazil","South America",8516,"Developing",10.5,110.9,12.4,1270.9,"Carbon Tax","Regulatory",70,2023,1,3,9,"Coal","Fossil Fuel",0.4
1100113715,3958683754711.32,778465.95,792776.44,0.86,985.89,1562129376.37,28.22,"Brazil","South America",8516,"Developing",18.3,67.1,8.6,968.4,"Fossil Fuel Ban","Restriction",65,2023,1,3,11,"Coal","Fossil Fuel",0.4
1353509722,9932928797846.03,756901.37,793694.61,0.43,1390.02,5688468655.69,70.82,"Brazil","South America",8516,"Developing",25.1,232.9,10.5,1006.3,"Subsidies for Renewables","Incentive",85,2023,2,4,13,"Coal","Fossil Fuel",0.4
594857203,11869253160937.32,358422.8,357503.29,0.44,104.53,3750502234.95,42.97,"Brazil","South America",8516,"Developing",13.8,39.1,7.7,1081.7,"Fossil Fuel Ban","Restriction",65,2023,2,4,16,"Nuclear","Fossil Fuel",0.6
93095606,9049700702653.04,811717.76,842568.8200000001,0.32,739.66,1593524659.29,24.95,"Brazil","South America",8516,"Developing",22.7,149.6,9.2,1375.1,"Net-Zero Target","Incentive",90,2023,2,5,18,"Solar","Renewable",0.2
948651112,10528964208086.47,613707.35,628721.74,0.83,611.75,7767201406.88,74.31,"Brazil","South America",8516,"Developing",22.6,68.3,5.2,1162.7,"Fossil Fuel Ban","Restriction",65,2023,2,5,20,"Solar","Renewable",0.2
1414960625,19291759570212.81,606673.81,609944.3400000001,0.12,1012.24,9175789905.07,44.82,"Brazil","South America",8516,"Developing",18.2,176.2,7,1051.2,"Fossil Fuel Ban","Restriction",65,2023,2,5,22,"Solar","Renewable",0.2
710398027,16282377197914.54,673415.24,714007.98,0.68,1043.85,5311294063.37,71.68,"Brazil","South America",8516,"Developing",27.7,43.7,9.3,1286.1,"Subsidies for Renewables","Incentive",85,2023,2,6,24,"Hydro","Renewable",0.45
1049258855,3920904149921.29,999976.85,1003498.83,0.3,1192.77,5126128155.97,63.18,"Brazil","South America",8516,"Developing",10.5,106.5,14.4,1105,"Net-Zero Target","Incentive",90,2023,2,6,26,"Hydro","Renewable",0.45
393363746,16643766628113.6,773386.84,812884.24,0.19,684.63,4167500253.82,74.11,"Brazil","South America",8516,"Developing",31.9,193,9.8,992.6,"Carbon Tax","Regulatory",70,2023,3,7,28,"Nuclear","Fossil Fuel",0.6
1012203329,18089089328935.42,202076.01,234382.89,0.53,688.87,7717441664.56,82.25,"Brazil","South America",8516,"Developing",28.8,239.5,5,1043.5,"Energy Efficiency Mandate","Regulatory",75,2023,3,7,31,"Wind","Renewable",0.35
541877816,1138378084893.99,485784.75,501201.42,0.84,1081.53,5207502936.77,29.97,"Brazil","South America",8516,"Developing",34.2,248.7,12.4,983,"Net-Zero Target","Incentive",90,2023,3,8,33,"Nuclear","Fossil Fuel",0.6
481822989,16352394791524.46,885783.48,931959.44,0.4,624.86,3802218728.02,50.89,"Brazil","South America",8516,"Developing",21.2,163.7,12.8,955,"Subsidies for Renewables","Incentive",85,2023,3,8,35,"Solar","Renewable",0.2
318638497,2838231795744.85,294010.6,334647.49,0.64,251.25,7084808135.36,55.89,"Brazil","South America",8516,"Developing",10.7,280.6,12.9,1290,"Fossil Fuel Ban","Restriction",65,2023,3,9,37,"Solar","Renewable",0.2
1138380674,8522769703065,778410.91,786481.12,0.15,395.74,6425622148.51,69.82,"Brazil","South America",8516,"Developing",16.4,253.8,9.1,1336.3,"Carbon Tax","Regulatory",70,2023,3,9,39,"Solar","Renewable",0.2
313328924,5896312556727.63,11548.69,25953.57,0.54,321.61,6715327538.9,61.88,"Brazil","South America",8516,"Developing",24.9,24.6,8.7,1045.2,"Carbon Tax","Regulatory",70,2023,4,10,41,"Solar","Renewable",0.2
1014607400,966335060818.86,393012.51,408544.14,0.69,567.79,768839621.64,39.29,"Kenya","Africa",580,"Developing",23.6,240.2,8.6,912.2,"Carbon Tax","Regulatory",70,2023,1,1,1,"Coal","Fossil Fuel",0.4
1475344612,9345995704966.05,698435.36,728180.83,0.74,141.5,7784284957.06,56.61,"Kenya","Africa",580,"Developing",13.3,118.6,6.4,1285.7,"Net-Zero Target","Incentive",90,2023,1,1,3,"Solar","Renewable",0.2
860179644,19783541775692.86,547600.39,556532.65,0.69,327.1,3634044342.75,82.47,"Kenya","Africa",580,"Developing",29.8,268,6.1,1086,"Subsidies for Renewables","Incentive",85,2023,1,1,5,"Coal","Fossil Fuel",0.4
835313323,6846828905322.4,194949.05,228012.81999999998,0.36,1206.07,2740534888.44,26.61,"Kenya","Africa",580,"Developing",30,142.3,7.2,1163.8,"Fossil Fuel Ban","Restriction",65,2023,1,2,7,"Coal","Fossil Fuel",0.4
176946680,6625606116297.04,302683.55,322208.92,0.66,291.63,4494692972.9,55.77,"Kenya","Africa",580,"Developing",25.1,250.3,9.1,1092.7,"Carbon Tax","Regulatory",70,2023,1,3,9,"Hydro","Renewable",0.45
1374047749,8183583607002.28,517955.16,554199.5499999999,0.19,95.15,8501826168.71,74.25,"Kenya","Africa",580,"Developing",16.9,294.4,14.3,945,"Net-Zero Target","Incentive",90,2023,1,3,11,"Coal","Fossil Fuel",0.4
1223148604,744467947195.37,161903.78,181649.52,0.37,693.71,861165745.42,31.02,"Kenya","Africa",580,"Developing",11.7,238,6.8,1129.7,"Carbon Tax","Regulatory",70,2023,2,4,13,"Hydro","Renewable",0.45
1076688748,10403130956747,914407.08,915883.9299999999,0.71,1070.85,2224247211.69,68.95,"Kenya","Africa",580,"Developing",26.2,89.9,3.5,1341.4,"Energy Efficiency Mandate","Regulatory",75,2023,2,4,16,"Coal","Fossil Fuel",0.4
193529175,16229213045316.88,967885.62,1017147.23,0.62,1078.83,5544971760.12,43.23,"Kenya","Africa",580,"Developing",13.4,40.7,4.2,1328,"Subsidies for Renewables","Incentive",85,2023,2,5,18,"Hydro","Renewable",0.45
303235810,4811050067308.72,499081.72,513931.02999999997,0.54,727.74,9831818380.66,30.38,"Kenya","Africa",580,"Developing",29.8,162.5,3.6,1020.6,"Subsidies for Renewables","Incentive",85,2023,2,5,20,"Coal","Fossil Fuel",0.4
884251796,16484454050216.97,83013.21,131494.1,0.6,702.46,6833079007.43,47.56,"Kenya","Africa",580,"Developing",20,220.7,8.2,1146.5,"Carbon Tax","Regulatory",70,2023,2,5,22,"Solar","Renewable",0.2
271633980,10410232445187.92,311083.3,314991.48,0.84,376.93,9480083054.42,61.51,"Kenya","Africa",580,"Developing",29.2,56.1,8.5,1420.9,"Net-Zero Target","Incentive",90,2023,2,6,24,"Nuclear","Fossil Fuel",0.6
1324474684,10716212792390.77,507547.41,511822.37999999995,0.85,273.58,6621455446.5,77.65,"Kenya","Africa",580,"Developing",14.9,287.8,5.6,1275,"Carbon Tax","Regulatory",70,2023,2,6,26,"Coal","Fossil Fuel",0.4
1243606793,5366652565877.78,218700.3,245167.84999999998,0.58,93.91,8901069126.34,63.65,"Kenya","Africa",580,"Developing",11,261.9,3.1,1469.1,"Fossil Fuel Ban","Restriction",65,2023,3,7,28,"Nuclear","Fossil Fuel",0.6
133662268,3245800895602.62,421465.53,442009.85000000003,0.34,258.32,8628702260.64,45.55,"Kenya","Africa",580,"Developing",30.1,211.8,5.9,943.8,"Energy Efficiency Mandate","Regulatory",75,2023,3,7,31,"Coal","Fossil Fuel",0.4
268113799,5422686321638.23,255439.69,255764.33000000002,0.3,607.02,6192236697.22,39.86,"Kenya","Africa",580,"Developing",29,164.2,3.4,1045,"Energy Efficiency Mandate","Regulatory",75,2023,3,8,33,"Coal","Fossil Fuel",0.4
1007477839,10025318197113.32,315455.08,311729.78,0.85,782.89,9670197642.47,37.21,"Kenya","Africa",580,"Developing",28,73.2,4.1,1497.6,"Fossil Fuel Ban","Restriction",65,2023,3,8,35,"Wind","Renewable",0.35
618639983,10780145910849.65,848700.64,867401.67,0.8,1104.89,7662181965.2,49.27,"Kenya","Africa",580,"Developing",17,187.3,13,1303.5,"Carbon Tax","Regulatory",70,2023,3,9,37,"Coal","Fossil Fuel",0.4
972128657,15311641882674.07,286923.47,336323.45999999996,0.63,222.28,9753319872.6,51.51,"Kenya","Africa",580,"Developing",24,121.5,5.8,1131.8,"Carbon Tax","Regulatory",70,2023,3,9,39,"Hydro","Renewable",0.45
102288218,874387928299.78,716455.93,755674.05,0.49,265.96,8942003751.57,31.18,"Kenya","Africa",580,"Developing",28.9,75.7,8.6,1200,"Net-Zero Target","Incentive",90,2023,4,10,41,"Coal","Fossil Fuel",0.4
1094450635,16582958780551.78,537016.43,570997.1200000001,0.3,1232.84,3746742317.67,73.9,"Japan","Asia",377,"Developed",19.8,192.6,13,1256.2,"Fossil Fuel Ban","Restriction",65,2023,1,1,1,"Nuclear","Fossil Fuel",0.6
1024174723,5384055696015.85,659035.06,707498.1900000001,0.54,379.94,608416134.69,58.44,"Japan","Asia",377,"Developed",29.9,223.1,10.9,916,"Net-Zero Target","Incentive",90,2023,1,1,3,"Hydro","Renewable",0.45
240998837,3896608123755.85,446628.18,464661.1,0.4,345.64,5068013095.65,68.92,"Japan","Asia",377,"Developed",13.7,210.6,2.4,1468.9,"Net-Zero Target","Incentive",90,2023,1,1,5,"Nuclear","Fossil Fuel",0.6
814225041,6343676714882.56,181450.6,226617.43,0.34,563.72,7742698863.07,77.67,"Japan","Asia",377,"Developed",23,177,15,1187,"Carbon Tax","Regulatory",70,2023,1,2,7,"Hydro","Renewable",0.45
644122402,15446367954844.1,707851.93,740815.13,0.47,745.71,5648827143.34,94.76,"Japan","Asia",377,"Developed",14.8,89,9.3,1034.9,"Net-Zero Target","Incentive",90,2023,1,3,9,"Coal","Fossil Fuel",0.4
746171069,19096716381490.08,806569.68,817544.5800000001,0.29,1085.5,3528998789.55,55.39,"Japan","Asia",377,"Developed",24.3,172.1,13.6,1136.7,"Fossil Fuel Ban","Restriction",65,2023,1,3,11,"Coal","Fossil Fuel",0.4
299791432,2273608973264.49,743482.07,751642.58,0.09,1362.52,2334149298.19,38.63,"Japan","Asia",377,"Developed",15.1,170.8,14.1,1317.7,"Energy Efficiency Mandate","Regulatory",75,2023,2,4,13,"Coal","Fossil Fuel",0.4
1186873121,19560423165478.43,166361.67,197270.77000000002,0.8,739.76,6540333049.56,80.47,"Japan","Asia",377,"Developed",27.9,48.2,12,903.1,"Energy Efficiency Mandate","Regulatory",75,2023,2,4,16,"Solar","Renewable",0.2
1154230752,14799861793145.85,851829.77,848881.17,0.83,655.93,8392288402.02,94.71,"Japan","Asia",377,"Developed",26.1,274.2,3.2,1244.5,"Fossil Fuel Ban","Restriction",65,2023,2,5,18,"Coal","Fossil Fuel",0.4
85458013,284416652753.99,572282.25,573183.79,0.89,462.61,9892084753.88,63.46,"Japan","Asia",377,"Developed",14.7,229.7,13.3,1073.7,"Energy Efficiency Mandate","Regulatory",75,2023,2,5,20,"Solar","Renewable",0.2
990511316,13000878240313.91,721412.19,717186.82,0.34,477.79,6776571284.96,35.45,"Japan","Asia",377,"Developed",21.7,74,3.5,997.5,"Subsidies for Renewables","Incentive",85,2023,2,5,22,"Hydro","Renewable",0.45
306961705,9601336559948.87,936467.13,931842.79,0.38,697.77,2743243836.95,46.37,"Japan","Asia",377,"Developed",22.9,44.3,10.7,1010.9,"Energy Efficiency Mandate","Regulatory",75,2023,2,6,24,"Nuclear","Fossil Fuel",0.6
1004428128,6205446205872.03,411362.45,434001.08,0.81,1070.16,3178681689.01,29.39,"Japan","Asia",377,"Developed",16.5,120.7,5.1,1300.7,"Net-Zero Target","Incentive",90,2023,2,6,26,"Nuclear","Fossil Fuel",0.6
1305814488,7535134355540.03,704921.32,750125.1499999999,0.69,1212.89,8273474739.96,80.95,"Japan","Asia",377,"Developed",15.5,57.4,4,1348.6,"Fossil Fuel Ban","Restriction",65,2023,3,7,28,"Coal","Fossil Fuel",0.4
137624399,16592603673772.66,903859.28,909977.9,0.51,288.58,8559411473.21,55.35,"Japan","Asia",377,"Developed",21.2,217.1,3,1238.5,"Carbon Tax","Regulatory",70,2023,3,7,31,"Nuclear","Fossil Fuel",0.6
1107191345,8366949019508.73,568272.07,594005.9199999999,0.62,496.85,315527533.14,40.36,"Japan","Asia",377,"Developed",12.3,162.9,12.5,1172.1,"Net-Zero Target","Incentive",90,2023,3,8,33,"Wind","Renewable",0.35
134397983,18698197697810.43,78328.95,124686.61,0.08,642.86,7712823419.58,81.27,"Japan","Asia",377,"Developed",11.8,138.6,11.1,1224.7,"Subsidies for Renewables","Incentive",85,2023,3,8,35,"Solar","Renewable",0.2
1426188641,17503619061649.41,141659.91,183975.67,0.15,1489.63,3991280454.66,30.19,"Japan","Asia",377,"Developed",21.2,276.8,6.9,948.1,"Fossil Fuel Ban","Restriction",65,2023,3,9,37,"Hydro","Renewable",0.45
819490013,16484872703778.11,255036.92,269075.71,0.28,1409.25,7277737064.5,29.03,"Japan","Asia",377,"Developed",34.5,149.6,11.3,1154.5,"Carbon Tax","Regulatory",70,2023,3,9,39,"Wind","Renewable",0.35
1448159771,14095396710612.08,58189.56,93919.32,0.39,389.79,2250965180.76,89.1,"Japan","Asia",377,"Developed",16,38.8,9.7,1167.9,"Net-Zero Target","Incentive",90,2023,4,10,41,"Hydro","Renewable",0.45
1245117719,11998561718117.52,675806.58,688443.1599999999,0.31,257.73,6636102995.73,37.68,"South Africa","Africa",1221,"Developing",34.8,85.6,13.9,1245.7,"Subsidies for Renewables","Incentive",85,2023,1,1,1,"Solar","Renewable",0.2
1462604796,8601291587661.42,500664.58,549140.54,0.85,1023.45,7879465500.21,45.5,"South Africa","Africa",1221,"Developing",23.9,185.7,11.6,1005.1,"Fossil Fuel Ban","Restriction",65,2023,1,1,3,"Coal","Fossil Fuel",0.4
488923733,6084654734023.44,710501.03,749818.72,0.83,865.46,9681083266.61,64.58,"South Africa","Africa",1221,"Developing",17.5,71.5,9,1044.6,"Energy Efficiency Mandate","Regulatory",75,2023,1,1,5,"Hydro","Renewable",0.45
801882855,1940033530884.59,727338.87,732815.36,0.28,1026.82,6068928245.39,89.89,"South Africa","Africa",1221,"Developing",16.4,112.5,3,1169.9,"Energy Efficiency Mandate","Regulatory",75,2023,1,2,7,"Wind","Renewable",0.35
37928895,4314974663775.26,198123.46,233904.59999999998,0.68,1143.78,9152968838.08,75.65,"South Africa","Africa",1221,"Developing",15.4,78.5,13.8,1081.9,"Net-Zero Target","Incentive",90,2023,1,3,9,"Wind","Renewable",0.35
776504030,6237603457309.87,366048.17,409602.82999999996,0.45,1214.08,7251894374.55,80.93,"South Africa","Africa",1221,"Developing",23.8,237.1,6.9,1220.2,"Energy Efficiency Mandate","Regulatory",75,2023,1,3,11,"Wind","Renewable",0.35
39831972,5289404787204.41,935410.67,962263.53,0.4,271,3365666331.18,50.39,"South Africa","Africa",1221,"Developing",17.8,32.8,13.2,1344.8,"Subsidies for Renewables","Incentive",85,2023,2,4,13,"Coal","Fossil Fuel",0.4
1383028337,14817922404131.68,466220.71,501523.18000000005,0.35,252.94,5510808654.39,34.72,"South Africa","Africa",1221,"Developing",26.4,211.8,5.3,1393,"Energy Efficiency Mandate","Regulatory",75,2023,2,4,16,"Wind","Renewable",0.35
18709160,8306605226070.29,844119.27,851848.11,0.65,63.26,5106755904.96,49.86,"South Africa","Africa",1221,"Developing",10.8,257.1,14.3,1300.9,"Carbon Tax","Regulatory",70,2023,2,5,18,"Nuclear","Fossil Fuel",0.6
40919121,10635411172148.85,281993.33,330754.69,0.06,1229.08,6772926225.98,84.49,"South Africa","Africa",1221,"Developing",26.5,24.4,8.9,1146.8,"Net-Zero Target","Incentive",90,2023,2,5,20,"Nuclear","Fossil Fuel",0.6
766156466,5419762259865.05,402927.46,418445.30000000005,0.4,869.25,9903307013.23,38.07,"South Africa","Africa",1221,"Developing",23.1,87.5,10.1,1051.5,"Carbon Tax","Regulatory",70,2023,2,5,22,"Wind","Renewable",0.35
373043424,1745453837865.46,846876.5,877346.4,0.33,1467.13,9741013481.8,91.58,"South Africa","Africa",1221,"Developing",20.1,125.6,8.2,1282,"Carbon Tax","Regulatory",70,2023,2,6,24,"Solar","Renewable",0.2
164661242,13720131994926.46,287569.28,312435.97000000003,0.61,310.06,8519233241.03,21.25,"South Africa","Africa",1221,"Developing",32.5,213.8,9.4,1062.7,"Subsidies for Renewables","Incentive",85,2023,2,6,26,"Solar","Renewable",0.2
353859249,11322768172512.92,571028.96,612748.2899999999,0.63,833.82,3900077519.42,79.18,"South Africa","Africa",1221,"Developing",28.8,219.6,7.2,946.2,"Net-Zero Target","Incentive",90,2023,3,7,28,"Wind","Renewable",0.35
1323265548,19101682098601.85,402736.02,440281.54000000004,0.08,446.32,9926600196.66,59.25,"South Africa","Africa",1221,"Developing",11.3,142.4,12.9,1104.4,"Net-Zero Target","Incentive",90,2023,3,7,31,"Solar","Renewable",0.2
1333467517,5978051666031.02,253985.28,253028.15,0.28,601,7860513790.52,32.34,"South Africa","Africa",1221,"Developing",20.8,210.3,10.6,951.4,"Net-Zero Target","Incentive",90,2023,3,8,33,"Coal","Fossil Fuel",0.4
584319031,2134405140853.59,96424.26,115128.12999999999,0.52,793.04,1122599980.68,27.17,"South Africa","Africa",1221,"Developing",12.7,21.5,6,1116,"Fossil Fuel Ban","Restriction",65,2023,3,8,35,"Hydro","Renewable",0.45
1206595583,18113630728835.84,978391.33,1004849.1499999999,0.19,602.06,1474516583.7,44.09,"South Africa","Africa",1221,"Developing",31.6,23.5,7.4,1367.5,"Carbon Tax","Regulatory",70,2023,3,9,37,"Nuclear","Fossil Fuel",0.6
780509854,5108824781999.17,254124.17,283501.02,0.55,333.54,1159026439.05,44.37,"South Africa","Africa",1221,"Developing",14.2,97.3,5.9,1369.6,"Subsidies for Renewables","Incentive",85,2023,3,9,39,"Hydro","Renewable",0.45
1403090994,19487084992441.68,144763.23,157399.81,0.86,341.23,3210414483.83,97.17,"South Africa","Africa",1221,"Developing",30.1,112.3,6.4,1389.3,"Fossil Fuel Ban","Restriction",65,2023,4,10,41,"Hydro","Renewable",0.45
848821769,7363809194165.23,932746.48,938735.48,0.9,310.89,7699417286.71,22.15,"United Kingdom","Europe",243,"Developed",34.2,239,6.2,1068.2,"Fossil Fuel Ban","Restriction",65,2023,1,1,1,"Coal","Fossil Fuel",0.4
883624875,13492255282671.26,147787.33,159443.12999999998,0.26,273.51,4288966755.66,50.16,"United Kingdom","Europe",243,"Developed",29.9,252.8,2.9,1408.7,"Subsidies for Renewables","Incentive",85,2023,1,1,3,"Hydro","Renewable",0.45
903293901,10918539547410.81,792813.71,807587.83,0.81,828.51,6417985633.41,26.8,"United Kingdom","Europe",243,"Developed",24.6,169.6,14,1421.8,"Net-Zero Target","Incentive",90,2023,1,1,5,"Hydro","Renewable",0.45
863172561,19339541558015.25,338280.74,377073.45,0.14,192.98,2297810687.54,79.75,"United Kingdom","Europe",243,"Developed",26.2,32.4,14.8,1306.5,"Fossil Fuel Ban","Restriction",65,2023,1,2,7,"Wind","Renewable",0.35
1487702822,10059269054232.72,351517.71,347868.66000000003,0.14,653.16,9621105870.23,29.29,"United Kingdom","Europe",243,"Developed",15.5,124.8,8,1307.7,"Net-Zero Target","Incentive",90,2023,1,3,9,"Nuclear","Fossil Fuel",0.6
214643868,8819502171633.24,699795.63,712335.65,0.31,1224.77,1239344140.32,87.93,"United Kingdom","Europe",243,"Developed",18.6,239.6,8.8,1109,"Fossil Fuel Ban","Restriction",65,2023,1,3,11,"Wind","Renewable",0.35
997253746,4713925393487.07,410996.96,416141.81,0.59,676.59,389003515.99,69.13,"United Kingdom","Europe",243,"Developed",22.9,174.5,6.3,1155.8,"Subsidies for Renewables","Incentive",85,2023,2,4,13,"Solar","Renewable",0.2
139354625,11589223313516.87,801507.33,826036.23,0.36,335.76,1228154209.98,73.66,"United Kingdom","Europe",243,"Developed",20.7,21.2,4.8,1067,"Energy Efficiency Mandate","Regulatory",75,2023,2,4,16,"Wind","Renewable",0.35
988248119,12385517318794.86,815600.87,849430.23,0.3,941,939044489.37,30.72,"United Kingdom","Europe",243,"Developed",24.9,191.2,9.6,1108.8,"Net-Zero Target","Incentive",90,2023,2,5,18,"Hydro","Renewable",0.45
1285814693,2843559240837.69,389872.86,395089.31,0.59,1055.48,6488074941.29,99.99,"United Kingdom","Europe",243,"Developed",12.9,124.5,3.8,1133.1,"Subsidies for Renewables","Incentive",85,2023,2,5,20,"Solar","Renewable",0.2
776030745,19041654814710.54,489762.83,495494.9,0.38,864.29,6565390630.07,52.73,"United Kingdom","Europe",243,"Developed",17.2,72.4,12.9,1271.6,"Subsidies for Renewables","Incentive",85,2023,2,5,22,"Nuclear","Fossil Fuel",0.6
632258304,750632228475.61,232594.98,243471.85,0.71,870.19,7748221617.81,59.63,"United Kingdom","Europe",243,"Developed",22.2,43.1,2.4,1356.6,"Energy Efficiency Mandate","Regulatory",75,2023,2,6,24,"Hydro","Renewable",0.45
94357916,15224082204756.94,446952.91,453972.72,0.41,1117.18,6571349853.56,39.8,"United Kingdom","Europe",243,"Developed",12.9,237,12.7,1120.1,"Carbon Tax","Regulatory",70,2023,2,6,26,"Nuclear","Fossil Fuel",0.6
513837784,4276575535036.5,740236.85,773139.2,0.78,934.88,4338853906.42,69.29,"United Kingdom","Europe",243,"Developed",18.7,248.7,7.7,1496.4,"Energy Efficiency Mandate","Regulatory",75,2023,3,7,28,"Solar","Renewable",0.2
633428231,5857731544952.38,274669.64,316860.57,0.89,1034.98,1042729121.76,97.02,"United Kingdom","Europe",243,"Developed",24.3,169,9.8,1001,"Subsidies for Renewables","Incentive",85,2023,3,7,31,"Wind","Renewable",0.35
696697416,16586787873702.79,763858.85,796051.75,0.47,887.27,2760299805.67,53.14,"United Kingdom","Europe",243,"Developed",31.7,55.5,13.3,1049.8,"Carbon Tax","Regulatory",70,2023,3,8,33,"Hydro","Renewable",0.45
981451457,19010056169421.11,334016.39,329152.41000000003,0.71,1112.45,7336226181.12,56.68,"United Kingdom","Europe",243,"Developed",20.1,229.9,11,1426.4,"Carbon Tax","Regulatory",70,2023,3,8,35,"Hydro","Renewable",0.45
698347616,16584037979271.28,344377.6,371163.94999999995,0.53,753.74,3503022243.47,74.6,"United Kingdom","Europe",243,"Developed",19.9,291.1,12.7,1196.8,"Carbon Tax","Regulatory",70,2023,3,9,37,"Coal","Fossil Fuel",0.4
344267021,8881590382640.89,10669.17,58360.92,0.22,1048.46,1405939565.1,72,"United Kingdom","Europe",243,"Developed",25.7,254.3,2.2,1457.7,"Carbon Tax","Regulatory",70,2023,3,9,39,"Solar","Renewable",0.2
360462412,1130566773468.23,629348.23,664277.59,0.69,672.38,1002871953.45,27.61,"United Kingdom","Europe",243,"Developed",26.4,90.1,6.8,1442.3,"Fossil Fuel Ban","Restriction",65,2023,4,10,41,"Wind","Renewable",0.35
1498783415,6937125585678.74,129387.85,171706.57,0.64,742.67,2366573987.84,27.15,"Indonesia","Asia",1910,"Developing",13.3,83.3,10.8,905.6,"Energy Efficiency Mandate","Regulatory",75,2023,1,1,1,"Wind","Renewable",0.35
290929344,12867365355487.98,680365.71,679128.35,0.53,934.96,1724753842.93,48.1,"Indonesia","Asia",1910,"Developing",19.2,103.8,7,1388,"Carbon Tax","Regulatory",70,2023,1,1,3,"Solar","Renewable",0.2
305675920,15073668366304.25,593678.18,609799.9400000001,0.87,506.03,1484318869.21,42.16,"Indonesia","Asia",1910,"Developing",25.4,143.9,4.8,1438,"Subsidies for Renewables","Incentive",85,2023,1,1,5,"Wind","Renewable",0.35
62604965,16973052878355.18,661821.32,673412.0299999999,0.49,788.81,7503652045.71,43.64,"Indonesia","Asia",1910,"Developing",25,221.9,5.7,1464.8,"Subsidies for Renewables","Incentive",85,2023,1,2,7,"Solar","Renewable",0.2
30913707,19738962403579.46,934585.16,936844.2200000001,0.78,874.15,3717583382.2,74.64,"Indonesia","Asia",1910,"Developing",19.6,87.5,10.3,942.6,"Subsidies for Renewables","Incentive",85,2023,1,3,9,"Solar","Renewable",0.2
859644858,10181551025071.05,632284.99,654842.6799999999,0.4,1067.63,916035338.05,62.93,"Indonesia","Asia",1910,"Developing",24.7,23.9,4.8,1453.5,"Carbon Tax","Regulatory",70,2023,1,3,11,"Hydro","Renewable",0.45
338669848,10774164440500.22,396824.19,426710.37,0.76,1037.53,754539327.85,75.89,"Indonesia","Asia",1910,"Developing",12.1,42.1,14,1484.6,"Subsidies for Renewables","Incentive",85,2023,2,4,13,"Nuclear","Fossil Fuel",0.6
669195353,13354983619300.28,661471.84,666132.36,0.06,248.96,212370971.01,59.71,"Indonesia","Asia",1910,"Developing",12.2,141.7,7.9,1265.3,"Carbon Tax","Regulatory",70,2023,2,4,16,"Wind","Renewable",0.35
582167342,14685423167345.33,126876.15,171370.51,0.33,672.52,5286156693.34,41.04,"Indonesia","Asia",1910,"Developing",29.6,221.8,4.2,976.2,"Net-Zero Target","Incentive",90,2023,2,5,18,"Coal","Fossil Fuel",0.4
794603499,3230468623912.41,775595.66,819780.42,0.62,217.23,7433721628.32,20.21,"Indonesia","Asia",1910,"Developing",21.4,120.8,8.5,1240.1,"Carbon Tax","Regulatory",70,2023,2,5,20,"Nuclear","Fossil Fuel",0.6
80942698,11102009291067.7,914808.19,950544.8099999999,0.41,516.61,4220940325.16,77.62,"Indonesia","Asia",1910,"Developing",21.8,127.2,4,1458.7,"Subsidies for Renewables","Incentive",85,2023,2,5,22,"Solar","Renewable",0.2
1112616501,19630135892435.75,954538.61,953329.5599999999,0.45,459.34,8463980392.19,46.18,"Indonesia","Asia",1910,"Developing",19.3,160.6,13.7,1007.6,"Carbon Tax","Regulatory",70,2023,2,6,24,"Coal","Fossil Fuel",0.4
525945166,9332141142551.94,595774.03,617908.87,0.71,333.36,9014388642.54,80.84,"Indonesia","Asia",1910,"Developing",19.2,101.6,12.2,1343.7,"Energy Efficiency Mandate","Regulatory",75,2023,2,6,26,"Nuclear","Fossil Fuel",0.6
1494195732,17556252423606.34,951480.36,946560.77,0.61,1281.06,7299428886.51,28.32,"Indonesia","Asia",1910,"Developing",33.3,26.7,9,1281.6,"Subsidies for Renewables","Incentive",85,2023,3,7,28,"Wind","Renewable",0.35
204773192,973615287492.87,239157.85,280660.58,0.4,1348.59,4638734482.59,79.83,"Indonesia","Asia",1910,"Developing",22.3,36.8,15,1327,"Subsidies for Renewables","Incentive",85,2023,3,7,31,"Nuclear","Fossil Fuel",0.6
939118611,13282634170263.59,139401.2,150443.38,0.77,1392.76,3990231441.98,86.55,"Indonesia","Asia",1910,"Developing",13.3,249.6,3,1240.7,"Carbon Tax","Regulatory",70,2023,3,8,33,"Nuclear","Fossil Fuel",0.6
1260650950,2268559390996.92,114601.17,134327.34,0.32,225.07,3647045714.78,81.63,"Indonesia","Asia",1910,"Developing",16.8,40.9,4.6,1368,"Fossil Fuel Ban","Restriction",65,2023,3,8,35,"Coal","Fossil Fuel",0.4
1300582238,902563181362.4,837565.5,850594.15,0.13,409.92,3621853279.49,61.08,"Indonesia","Asia",1910,"Developing",16.6,53.6,4,1311.6,"Fossil Fuel Ban","Restriction",65,2023,3,9,37,"Hydro","Renewable",0.45
541554447,1985033012141.74,110888.28,149547.82,0.15,139.42,7831503935.36,37.78,"Indonesia","Asia",1910,"Developing",10.8,133.2,7.9,1348.8,"Fossil Fuel Ban","Restriction",65,2023,3,9,39,"Coal","Fossil Fuel",0.4
166033752,533823636498.39,73827.32,118464.6,0.43,236.75,9060271906.76,86.35,"Indonesia","Asia",1910,"Developing",27.2,282.5,3.1,1251.7,"Energy Efficiency Mandate","Regulatory",75,2023,4,10,41,"Wind","Renewable",0.35
853253225,9972915185143.78,388902.14,407368.66000000003,0.35,1367.04,2822319513.34,55.68,"Mexico","North America",1964,"Developing",33.6,34.2,14,1159.9,"Carbon Tax","Regulatory",70,2023,1,1,1,"Coal","Fossil Fuel",0.4
193380594,5667542150035.53,145863.66,151833.84,0.8,812.43,6344468449.37,84.17,"Mexico","North America",1964,"Developing",26.2,159.7,13.5,1187.4,"Carbon Tax","Regulatory",70,2023,1,1,3,"Wind","Renewable",0.35
695640233,7828787363929.08,188017.71,200555.97999999998,0.24,1348.86,7807528985.15,24.69,"Mexico","North America",1964,"Developing",22,238.8,6.5,1239.4,"Energy Efficiency Mandate","Regulatory",75,2023,1,1,5,"Solar","Renewable",0.2
1415605601,4898940623580.57,538352.67,576870.7200000001,0.68,1157.87,9483244534.37,66.06,"Mexico","North America",1964,"Developing",29.2,299.9,14.7,960.1,"Net-Zero Target","Incentive",90,2023,1,2,7,"Hydro","Renewable",0.45
1275370797,661310737570.47,703555.2,750670.9299999999,0.53,866.51,1963513282.56,99.04,"Mexico","North America",1964,"Developing",14.4,185.9,12.5,1318.6,"Fossil Fuel Ban","Restriction",65,2023,1,3,9,"Hydro","Renewable",0.45
47795036,10576325431555.37,10676.66,56160.95,0.22,239.21,7197682563.64,93.5,"Mexico","North America",1964,"Developing",14.4,30.6,2.7,1261,"Net-Zero Target","Incentive",90,2023,1,3,11,"Hydro","Renewable",0.45
1135209635,17227322385171.86,960953.16,976500.65,0.85,623.61,1100218484.79,44.14,"Mexico","North America",1964,"Developing",13.7,217.3,3.8,966.6,"Carbon Tax","Regulatory",70,2023,2,4,13,"Coal","Fossil Fuel",0.4
1211837086,13901851926021.61,929556.76,967841.31,0.24,903.98,1835981136.9,44.55,"Mexico","North America",1964,"Developing",29.8,289,10.4,1004.5,"Subsidies for Renewables","Incentive",85,2023,2,4,16,"Wind","Renewable",0.35
1223659950,744416584249.04,606364.78,652021.88,0.87,370.3,5698947436.59,94.94,"Mexico","North America",1964,"Developing",28.2,285.7,14.3,1135,"Subsidies for Renewables","Incentive",85,2023,2,5,18,"Coal","Fossil Fuel",0.4
195537648,16451069928023.37,673324.33,708435.0599999999,0.34,66.52,2175874415.56,75.45,"Mexico","North America",1964,"Developing",15.9,295.1,4.2,1431.2,"Fossil Fuel Ban","Restriction",65,2023,2,5,20,"Wind","Renewable",0.35
362209083,17702584751985.83,498151.17,513980.36,0.51,197.07,4846943578.93,89.12,"Mexico","North America",1964,"Developing",28,33.5,7.7,1151.8,"Fossil Fuel Ban","Restriction",65,2023,2,5,22,"Coal","Fossil Fuel",0.4
229895330,1576587995156.52,178404.15,194054.33,0.67,843.22,8991429313.89,27.45,"Mexico","North America",1964,"Developing",11.8,256.8,5.8,1091.2,"Subsidies for Renewables","Incentive",85,2023,2,6,24,"Wind","Renewable",0.35
937438236,3226365168882.6,110245.23,116550.51,0.21,1060.94,7248177235.3,78.4,"Mexico","North America",1964,"Developing",27.6,140.8,10.5,1264.4,"Net-Zero Target","Incentive",90,2023,2,6,26,"Nuclear","Fossil Fuel",0.6
334831875,1184646548930.52,13777.42,13596.98,0.75,956.38,4855251134.76,27.76,"Mexico","North America",1964,"Developing",15.9,33.9,9.4,1403.9,"Fossil Fuel Ban","Restriction",65,2023,3,7,28,"Coal","Fossil Fuel",0.4
1016345510,9833026561201.08,664429.65,664442.18,0.51,318.08,8866377658.22,49.55,"Mexico","North America",1964,"Developing",34.4,152.6,3.5,1370.9,"Subsidies for Renewables","Incentive",85,2023,3,7,31,"Wind","Renewable",0.35
329550651,15069479328094.21,670793.77,670507.67,0.34,835.1,9709984818.02,67.18,"Mexico","North America",1964,"Developing",21,93.8,12.9,1238.5,"Carbon Tax","Regulatory",70,2023,3,8,33,"Hydro","Renewable",0.45
1024677615,11497014383561.25,243285.6,254722.47,0.39,1288.21,443812086.22,65.7,"Mexico","North America",1964,"Developing",30.5,137.2,9,1420.1,"Carbon Tax","Regulatory",70,2023,3,8,35,"Nuclear","Fossil Fuel",0.6
460030650,16188368354255.33,134924.14,153209.76,0.89,681.32,9972965345.11,70.18,"Mexico","North America",1964,"Developing",13,232,4.2,1490.6,"Net-Zero Target","Incentive",90,2023,3,9,37,"Nuclear","Fossil Fuel",0.6
858313354,11085878412350.44,858057.94,881640.7899999999,0.83,67.93,7034080003.71,67.01,"Mexico","North America",1964,"Developing",32.8,276,2.9,1132.9,"Fossil Fuel Ban","Restriction",65,2023,3,9,39,"Nuclear","Fossil Fuel",0.6
220186439,18506070518509.54,567056.92,567611.39,0.29,826.67,3504304867.92,52.87,"Mexico","North America",1964,"Developing",13.7,178.6,9.6,1478.9,"Carbon Tax","Regulatory",70,2023,4,10,41,"Hydro","Renewable",0.45
1312077219,13648175977944.28,407702.7,424471.3,0.8,1051.24,587980657.69,58.02,"France","Europe",551,"Developed",25.2,30.5,5.6,986.3,"Energy Efficiency Mandate","Regulatory",75,2023,1,1,1,"Hydro","Renewable",0.45
1475708531,2054526066427.55,870211.02,872602.22,0.88,692.51,8275650984.62,41.55,"France","Europe",551,"Developed",18.4,242.2,6,1405.7,"Fossil Fuel Ban","Restriction",65,2023,1,1,3,"Coal","Fossil Fuel",0.4
1114178336,17357060513949.49,822807.22,846147.0499999999,0.19,501.13,5117273224.84,30.85,"France","Europe",551,"Developed",14.7,79.2,12.7,1344.6,"Net-Zero Target","Incentive",90,2023,1,1,5,"Hydro","Renewable",0.45
76019522,9183328475848.8,918850.76,952605.63,0.28,1244.08,5100751111.88,70.83,"France","Europe",551,"Developed",14.3,265.1,4.6,934.6,"Net-Zero Target","Incentive",90,2023,1,2,7,"Nuclear","Fossil Fuel",0.6
1265315743,11071541040094.36,350806.51,391877.47000000003,0.27,1254.76,994880019.29,22.2,"France","Europe",551,"Developed",19.3,186.3,4.3,1422.3,"Carbon Tax","Regulatory",70,2023,1,3,9,"Solar","Renewable",0.2
448951410,5454763227452.25,415412.12,411515,0.71,1162.98,188090062.09,92.92,"France","Europe",551,"Developed",29.5,80,4.9,1035.1,"Subsidies for Renewables","Incentive",85,2023,1,3,11,"Solar","Renewable",0.2
1385274308,5580033308519.09,896528.15,938365.39,0.44,366.4,3091236403.62,61.65,"France","Europe",551,"Developed",15.6,190.3,14.3,1327.6,"Net-Zero Target","Incentive",90,2023,2,4,13,"Wind","Renewable",0.35
808652303,11272996633366.56,597834.82,608382.0499999999,0.63,748.52,3429208173.49,42.12,"France","Europe",551,"Developed",12.6,163.2,10.6,1406,"Energy Efficiency Mandate","Regulatory",75,2023,2,4,16,"Nuclear","Fossil Fuel",0.6
1115879517,15332940327242.1,900690.17,939988.81,0.73,920.05,6639250204.44,74.46,"France","Europe",551,"Developed",26.4,286.6,10.5,1013,"Fossil Fuel Ban","Restriction",65,2023,2,5,18,"Coal","Fossil Fuel",0.4
1233451767,16338692550952.07,349735.38,383970.69,0.63,975.55,4809778497.18,95.25,"France","Europe",551,"Developed",16.5,137.2,7,921.2,"Energy Efficiency Mandate","Regulatory",75,2023,2,5,20,"Solar","Renewable",0.2
214600987,9468539367959.56,743509.7,778394.97,0.53,1373.31,9474541463.92,91.97,"France","Europe",551,"Developed",31.1,255.4,13.4,1008.7,"Net-Zero Target","Incentive",90,2023,2,5,22,"Coal","Fossil Fuel",0.4
803181939,5285128784573.5,301110.61,342927.37,0.45,1306.27,5877388735.45,95.54,"France","Europe",551,"Developed",15.6,264,7.5,1432.1,"Subsidies for Renewables","Incentive",85,2023,2,6,24,"Solar","Renewable",0.2
121097196,17429898012424.79,159270.67,208849.80000000002,0.34,1481.43,8939166720.77,98.93,"France","Europe",551,"Developed",22.5,262.9,7,1079,"Energy Efficiency Mandate","Regulatory",75,2023,2,6,26,"Solar","Renewable",0.2
1367576173,1254470405681.42,457532.7,464048.73000000004,0.71,885.6,1668507662.02,82.82,"France","Europe",551,"Developed",29.5,156.5,10.2,1006.1,"Fossil Fuel Ban","Restriction",65,2023,3,7,28,"Wind","Renewable",0.35
86014498,10722273796560.94,733352.48,780606.25,0.81,1147.43,5357234477.15,21.43,"France","Europe",551,"Developed",25.8,133,14.5,1130,"Subsidies for Renewables","Incentive",85,2023,3,7,31,"Solar","Renewable",0.2
1269160677,6191690332619.11,74634.15,72148.65999999999,0.86,711.09,5250855281.23,61.93,"France","Europe",551,"Developed",27.3,116.4,3.7,1130.1,"Subsidies for Renewables","Incentive",85,2023,3,8,33,"Solar","Renewable",0.2
871276970,480582189154.06,232078.15,281246.52,0.23,81.77,5095872190.39,29.85,"France","Europe",551,"Developed",34.9,157.3,11.8,998.9,"Subsidies for Renewables","Incentive",85,2023,3,8,35,"Hydro","Renewable",0.45
237171860,13105995606174.98,29544.35,62480.59,0.4,601.37,5518095608.82,57.95,"France","Europe",551,"Developed",29.3,194.5,9.7,928.8,"Energy Efficiency Mandate","Regulatory",75,2023,3,9,37,"Solar","Renewable",0.2
1305589829,14044454289447.92,424637.49,469061.7,0.48,945.66,2898797004.88,82.78,"France","Europe",551,"Developed",17.5,205.3,10.6,1062,"Subsidies for Renewables","Incentive",85,2023,3,9,39,"Wind","Renewable",0.35
884944806,5977488899912.2,49011.65,71311.16,0.23,1403.03,3372975800.35,20.22,"France","Europe",551,"Developed",29.4,252.8,14.7,1114.8,"Subsidies for Renewables","Incentive",85,2023,4,10,41,"Hydro","Renewable",0.45
222519645,18105109740735.98,647893.42,668014.74,0.88,432.98,595793938.55,85.05,"Nigeria","Africa",924,"Developing",26.7,61.8,3.2,1207,"Carbon Tax","Regulatory",70,2023,1,1,1,"Solar","Renewable",0.2
103546074,292479321768.69,147010.5,177606.41999999998,0.33,1347.07,9555382649.27,41.46,"Nigeria","Africa",924,"Developing",30,107.6,11.6,957,"Fossil Fuel Ban","Restriction",65,2023,1,1,3,"Solar","Renewable",0.2
833317700,13829058379891.25,483462.56,501658.25,0.8,291.83,1411864604.74,78.11,"Nigeria","Africa",924,"Developing",14.6,132.2,14.5,1063.1,"Fossil Fuel Ban","Restriction",65,2023,1,1,5,"Solar","Renewable",0.2
1317806483,7657040504406.16,365012.93,361597.82,0.63,1265.88,9737101344.23,30.45,"Nigeria","Africa",924,"Developing",32.8,155.1,9.4,1162.9,"Carbon Tax","Regulatory",70,2023,1,2,7,"Wind","Renewable",0.35
1460841269,10543876449568.73,746187.57,780995.11,0.24,1435.85,8744121280.68,61.53,"Nigeria","Africa",924,"Developing",21,37.7,10.5,907.4,"Carbon Tax","Regulatory",70,2023,1,3,9,"Hydro","Renewable",0.45
831516242,3058223599916.38,828173.44,872236.84,0.57,66.89,9350277062.16,60.45,"Nigeria","Africa",924,"Developing",26.5,89.6,6.5,1305.8,"Carbon Tax","Regulatory",70,2023,1,3,11,"Nuclear","Fossil Fuel",0.6
113127332,10187893710522.8,554990.61,570815.6799999999,0.74,164.3,4497469876.95,65.84,"Nigeria","Africa",924,"Developing",11.9,157.7,5.1,1482.1,"Energy Efficiency Mandate","Regulatory",75,2023,2,4,13,"Hydro","Renewable",0.45
871380069,8305537098743.43,561559.7,556569.0299999999,0.13,926.09,6228754922.09,44.37,"Nigeria","Africa",924,"Developing",17.9,294.6,11.7,910.7,"Energy Efficiency Mandate","Regulatory",75,2023,2,4,16,"Solar","Renewable",0.2
483712993,16901917048124.62,338652.9,375860.80000000005,0.56,1089.15,3696616016.98,56.2,"Nigeria","Africa",924,"Developing",26.4,147.7,6.4,1395.2,"Net-Zero Target","Incentive",90,2023,2,5,18,"Nuclear","Fossil Fuel",0.6
1125954436,7540418173161.98,115259.01,159587.25,0.47,1241.67,7450857814.73,52.74,"Nigeria","Africa",924,"Developing",18.5,252.4,14.5,1075.2,"Subsidies for Renewables","Incentive",85,2023,2,5,20,"Solar","Renewable",0.2
414264783,14364079497939.93,116688.09,134483.96,0.84,1264.33,5929229968.19,81.77,"Nigeria","Africa",924,"Developing",14.7,280.5,7.1,1174.2,"Net-Zero Target","Incentive",90,2023,2,5,22,"Coal","Fossil Fuel",0.4
109306728,11109203945194.44,438482.28,465663.92000000004,0.84,1182.57,9110796715.72,75.35,"Nigeria","Africa",924,"Developing",33.9,57.7,8.5,1218.2,"Energy Efficiency Mandate","Regulatory",75,2023,2,6,24,"Hydro","Renewable",0.45
831056734,8431428442091.23,612903.76,645992.11,0.26,626.91,3494302179.72,43.53,"Nigeria","Africa",924,"Developing",19.7,188.2,13.5,1202.5,"Subsidies for Renewables","Incentive",85,2023,2,6,26,"Wind","Renewable",0.35
1181404365,17228080167970.24,714755.61,761208.77,0.59,341.29,6279259133.13,43.25,"Nigeria","Africa",924,"Developing",25.1,268.2,8.7,1405.8,"Subsidies for Renewables","Incentive",85,2023,3,7,28,"Wind","Renewable",0.35
761424926,11289376207883.37,586978.21,633825.26,0.65,1027.65,8949273413.64,62.71,"Nigeria","Africa",924,"Developing",22.6,214.4,6.2,969.2,"Subsidies for Renewables","Incentive",85,2023,3,7,31,"Coal","Fossil Fuel",0.4
578331459,15028681871534.07,169326.04,180089.90000000002,0.26,1267.1,6936889018.6,43.61,"Nigeria","Africa",924,"Developing",12.7,126.6,2.7,934,"Carbon Tax","Regulatory",70,2023,3,8,33,"Hydro","Renewable",0.45
486696445,14874013443869.92,565657.85,573725.6,0.72,1208.29,2947622679.62,73.16,"Nigeria","Africa",924,"Developing",30.4,48.7,13.3,1343.7,"Carbon Tax","Regulatory",70,2023,3,8,35,"Nuclear","Fossil Fuel",0.6
32842638,14899032328290.4,211056.35,253843.1,0.78,692.44,2332930126.96,70.7,"Nigeria","Africa",924,"Developing",33.9,293.2,6.1,1231.3,"Energy Efficiency Mandate","Regulatory",75,2023,3,9,37,"Hydro","Renewable",0.45
968822708,3630775379916.44,685832.26,691115.97,0.2,795.08,3834262447.82,54.28,"Nigeria","Africa",924,"Developing",28.5,75,11.4,1016.1,"Net-Zero Target","Incentive",90,2023,3,9,39,"Coal","Fossil Fuel",0.4
337442704,894817727496.45,929341.96,957170.38,0.71,956.78,8447085813.83,44.09,"Nigeria","Africa",924,"Developing",14,256.9,2.1,1179.8,"Fossil Fuel Ban","Restriction",65,2023,4,10,41,"Nuclear","Fossil Fuel",0.6
1122993491,1456711735178.07,510088.95,527965.17,0.51,183.32,2289861002.9,37.07,"Russia","Europe",17098,"Developed",11.8,218.2,8.8,1474.2,"Net-Zero Target","Incentive",90,2023,1,1,1,"Nuclear","Fossil Fuel",0.6
1210457050,16491399178411.53,981321.87,976806.07,0.62,696.22,9054514939.03,69.1,"Russia","Europe",17098,"Developed",17.3,286.1,10,1184.9,"Fossil Fuel Ban","Restriction",65,2023,1,1,3,"Coal","Fossil Fuel",0.4
833662266,5206152077397.13,726735.85,723094.6699999999,0.49,1167.22,5191659714.64,60.7,"Russia","Europe",17098,"Developed",27.1,109.9,13.9,1467,"Subsidies for Renewables","Incentive",85,2023,1,1,5,"Nuclear","Fossil Fuel",0.6
364477607,19435412521138.02,775585.33,799911.6499999999,0.58,355.63,6332193390.72,37.05,"Russia","Europe",17098,"Developed",32.5,73.9,8.7,1468.9,"Carbon Tax","Regulatory",70,2023,1,2,7,"Hydro","Renewable",0.45
1393479508,16353411527730.88,81399.29,114131.68,0.07,1089.46,475074515.99,25.86,"Russia","Europe",17098,"Developed",23.4,216.8,14.7,1365.1,"Carbon Tax","Regulatory",70,2023,1,3,9,"Hydro","Renewable",0.45
973784986,12641323566053.18,438694.78,434623.78,0.62,825.51,6450085190.17,69.47,"Russia","Europe",17098,"Developed",11.8,250.1,13.8,1144.6,"Fossil Fuel Ban","Restriction",65,2023,1,3,11,"Wind","Renewable",0.35
1307590236,1821453906612.07,767621.5,786693.69,0.39,1008.05,4792478005.94,62.68,"Russia","Europe",17098,"Developed",18.9,160.8,5.8,1311.5,"Carbon Tax","Regulatory",70,2023,2,4,13,"Nuclear","Fossil Fuel",0.6
1396441858,7525297246516.45,949970.45,975414.2799999999,0.52,228.69,149795406.83,67.73,"Russia","Europe",17098,"Developed",17.4,197.5,5.9,1432.2,"Energy Efficiency Mandate","Regulatory",75,2023,2,4,16,"Wind","Renewable",0.35
891168776,18121997803852.23,852944.26,855779.29,0.21,944.48,2602143600.76,29.17,"Russia","Europe",17098,"Developed",17.6,229.5,13.7,1106.3,"Net-Zero Target","Incentive",90,2023,2,5,18,"Nuclear","Fossil Fuel",0.6
215888062,4028610089713.53,584789.7,632124.3899999999,0.35,1023.38,2421875202.58,42.81,"Russia","Europe",17098,"Developed",21.5,173.9,5.8,940.4,"Carbon Tax","Regulatory",70,2023,2,5,20,"Nuclear","Fossil Fuel",0.6
332265683,11354484957311.69,370848.5,383246.82,0.41,57.01,2537133871.6,37.72,"Russia","Europe",17098,"Developed",22.1,111.9,10.6,1316.1,"Subsidies for Renewables","Incentive",85,2023,2,5,22,"Solar","Renewable",0.2
775391718,15517862534365.72,492101.67,493087.45999999996,0.6,168.86,2878097802.41,86.12,"Russia","Europe",17098,"Developed",13.4,225.2,13.4,1177.7,"Fossil Fuel Ban","Restriction",65,2023,2,6,24,"Hydro","Renewable",0.45
1094157132,12669367239778.97,814515.98,841355.52,0.7,358.5,462897462.11,40.85,"Russia","Europe",17098,"Developed",28.3,195.5,11.5,1435.3,"Subsidies for Renewables","Incentive",85,2023,2,6,26,"Nuclear","Fossil Fuel",0.6
629915937,2764237062987.33,506111.94,506092.41,0.36,65.36,2464919964.93,97.12,"Russia","Europe",17098,"Developed",19.1,82.5,12,1339.9,"Energy Efficiency Mandate","Regulatory",75,2023,3,7,28,"Nuclear","Fossil Fuel",0.6
318960072,14744804195813.01,488668.38,503402.13,0.24,757.08,722325497.99,49.55,"Russia","Europe",17098,"Developed",13.5,64.6,9.4,1239.5,"Subsidies for Renewables","Incentive",85,2023,3,7,31,"Nuclear","Fossil Fuel",0.6
104723685,894103501839.46,652039.5,652716.88,0.87,968.67,2807603621.22,79.35,"Russia","Europe",17098,"Developed",32.7,121.2,8.1,1172.8,"Subsidies for Renewables","Incentive",85,2023,3,8,33,"Solar","Renewable",0.2
172154693,10381591661323.38,382565.49,427463.82,0.49,561.7,8690422276.53,58.95,"Russia","Europe",17098,"Developed",14.3,203,6.7,1292,"Net-Zero Target","Incentive",90,2023,3,8,35,"Nuclear","Fossil Fuel",0.6
1386856351,5688109216162.49,158738,162392.65,0.56,1234.58,6644985464.81,53.17,"Russia","Europe",17098,"Developed",22.5,58.9,4.2,946.3,"Net-Zero Target","Incentive",90,2023,3,9,37,"Hydro","Renewable",0.45
887399330,546676159270.4,52712.89,79254.65,0.19,962.83,487989565.87,65.78,"Russia","Europe",17098,"Developed",26.9,154.1,9.7,1288.4,"Carbon Tax","Regulatory",70,2023,3,9,39,"Coal","Fossil Fuel",0.4
1374284350,470538709181.01,722351.83,753747.8099999999,0.29,174.34,4547113280.03,99.42,"Russia","Europe",17098,"Developed",33.1,164.7,7.3,1481.5,"Subsidies for Renewables","Incentive",85,2023,4,10,41,"Solar","Renewable",0.2
395593236,12501913604341.52,515696.86,519921.55,0.63,1387.41,6005680288.72,25.51,"China","Asia",9597,"Developing",30.8,188.2,12.3,1392.3,"Subsidies for Renewables","Incentive",85,2023,1,1,1,"Hydro","Renewable",0.45
906502927,16547632293226.33,609455.91,614214.13,0.82,919.73,8789751113.66,62.51,"China","Asia",9597,"Developing",12.7,76.7,13.2,1202.6,"Energy Efficiency Mandate","Regulatory",75,2023,1,1,3,"Hydro","Renewable",0.45
1462195130,13019711528620.02,526823.79,542194.55,0.09,818.23,2371913938.15,84.18,"China","Asia",9597,"Developing",26.5,272.6,9,900.7,"Carbon Tax","Regulatory",70,2023,1,1,5,"Solar","Renewable",0.2
918731521,2764273801929.57,482369.82,490158.03,0.78,460.74,8779986500.61,52.69,"China","Asia",9597,"Developing",30.1,274.2,12.9,1245.7,"Fossil Fuel Ban","Restriction",65,2023,1,2,7,"Hydro","Renewable",0.45
1481967813,16105314341831.54,414756.63,415618.71,0.41,898.79,2686898658.16,62.89,"China","Asia",9597,"Developing",24.4,53,2.1,1292.7,"Carbon Tax","Regulatory",70,2023,1,3,9,"Wind","Renewable",0.35
1202356735,9701108364436.92,376510.84,402030.96,0.27,494.65,3509127411.73,76.44,"China","Asia",9597,"Developing",34.8,131.3,4.6,1231.3,"Fossil Fuel Ban","Restriction",65,2023,1,3,11,"Nuclear","Fossil Fuel",0.6
865197997,15743014345578.2,802845.2,831616.6,0.63,125.48,3952126437.79,70.87,"China","Asia",9597,"Developing",21.2,215.8,4.1,1028.7,"Carbon Tax","Regulatory",70,2023,2,4,13,"Wind","Renewable",0.35
176884030,12219674338037.75,727249.77,773437.4400000001,0.39,1001.45,2936045415.29,97.08,"China","Asia",9597,"Developing",33.1,141.9,2.8,1033.1,"Subsidies for Renewables","Incentive",85,2023,2,4,16,"Solar","Renewable",0.2
619194311,3975455241418.08,786119.85,809199.98,0.64,942.03,6772841372.02,48.78,"China","Asia",9597,"Developing",21,76.5,10.5,1382.3,"Subsidies for Renewables","Incentive",85,2023,2,5,18,"Solar","Renewable",0.2
1263597575,4086176624172.03,25212.86,58912.07,0.83,846.91,7288773226.1,64.73,"China","Asia",9597,"Developing",34.9,238.3,6.6,1137.1,"Subsidies for Renewables","Incentive",85,2023,2,5,20,"Solar","Renewable",0.2
872489912,11540643762741.71,268496.43,285888.83,0.14,154.96,3013093062.23,95.76,"China","Asia",9597,"Developing",34.1,97.4,9.9,1016.7,"Fossil Fuel Ban","Restriction",65,2023,2,5,22,"Nuclear","Fossil Fuel",0.6
1214395370,9724234920906.62,250840.52,264521.86,0.71,1038.31,8975585845.18,88.96,"China","Asia",9597,"Developing",30.3,181,11,1479.6,"Fossil Fuel Ban","Restriction",65,2023,2,6,24,"Nuclear","Fossil Fuel",0.6
498771206,16023211737595.8,418301.71,432722,0.51,1066.19,2707161944.79,42.98,"China","Asia",9597,"Developing",11.7,197.4,14.9,1306.1,"Carbon Tax","Regulatory",70,2023,2,6,26,"Hydro","Renewable",0.45
1237038474,5454608071129.1,947646.93,980217.8300000001,0.82,773.55,2076698737.03,78.83,"China","Asia",9597,"Developing",23.9,70,6.1,1031.1,"Fossil Fuel Ban","Restriction",65,2023,3,7,28,"Hydro","Renewable",0.45
234113519,2485582003829.95,87702.7,135270.58,0.47,59.6,8585184438.98,96.64,"China","Asia",9597,"Developing",15.1,89.9,10,993.6,"Subsidies for Renewables","Incentive",85,2023,3,7,31,"Coal","Fossil Fuel",0.4
1058996471,3739150076280.94,766619.7,789732.0499999999,0.39,1137.75,1369634906.47,62.06,"China","Asia",9597,"Developing",22.3,295.9,13.7,1421.3,"Fossil Fuel Ban","Restriction",65,2023,3,8,33,"Hydro","Renewable",0.45
986821004,19532493185217.13,701262.12,721566,0.64,67.14,2186448618.44,66.48,"China","Asia",9597,"Developing",10.8,117.2,13.2,1365.5,"Energy Efficiency Mandate","Regulatory",75,2023,3,8,35,"Hydro","Renewable",0.45
741794044,7381890607326.34,503782.32,510361.61,0.65,589.85,8557828263.68,42.37,"China","Asia",9597,"Developing",14.7,93.6,5.5,1475.1,"Fossil Fuel Ban","Restriction",65,2023,3,9,37,"Coal","Fossil Fuel",0.4
511387745,11151266943671.95,857745.65,863529.13,0.73,1120.89,4782571542.83,20.78,"China","Asia",9597,"Developing",34.5,212.1,12.6,1332.5,"Net-Zero Target","Incentive",90,2023,3,9,39,"Wind","Renewable",0.35
1050008927,6070680224853.63,566517.07,592747.97,0.39,1051.29,694360139.47,85.11,"China","Asia",9597,"Developing",34.9,257.8,8.7,1332.3,"Energy Efficiency Mandate","Regulatory",75,2023,4,10,41,"Hydro","Renewable",0.45
